time,open,high,low,close,Volume
1758229200,3642.92,3643.205,3636.145,3640.1,17750
1758243600,3640.105,3660.075,3632.38,3658.875,80995
1758258000,3658.895,3661.355,3643.4,3655.64,61478
1758272400,3655.8,3659.29,3644.495,3649.445,69130
1758286800,3649.42,3676.015,3643.785,3668.345,175529
1758301200,3668.285,3685.74,3668.105,3684.975,85418
1758488400,3687.77,3692.29,3683.545,3691.04,28565
1758502800,3690.99,3697.59,3685.46,3692.215,75329
1758517200,3692.29,3722.58,3691.92,3720.31,81244
1758531600,3720.3,3728.49,3712.25,3721.635,86700
1758546000,3721.67,3739.63,3713.75,3737.085,172584
1758560400,3737.09,3748.86,3737.09,3746.355,60364
1758574800,3747.125,3750.675,3738.125,3747.26,25147
1758589200,3747.25,3759.42,3736.66,3744.87,76209
1758603600,3744.665,3775.285,3743.385,3774.485,81125
1758618000,3774.48,3791.255,3774.205,3784.495,107770
1758632400,3784.48,3788.81,3765.03,3779.35,179729
1758646800,3779.385,3785.84,3752.075,3764.205,100320
1758661200,3765.31,3770.07,3759.09,3765.22,20039
1758675600,3765.28,3771.945,3750.51,3768.34,62900
1758690000,3768.345,3779.34,3767.145,3770.13,43601
1758704400,3770.045,3771.775,3759.68,3768.175,64123
1758718800,3768.16,3772.97,3732.37,3735.765,134140
1758733200,3735.82,3738.965,3717.52,3736.165,63538
1758747600,3739.61,3751.535,3739.025,3749.03,24694
1758762000,3748.845,3750.59,3729.635,3738.18,59768
1758776400,3738.24,3761.69,3734.17,3756.58,61216
1758790800,3756.65,3761.28,3730.66,3738.855,97749
1758805200,3738.89,3745.815,3722.22,3733.7,147318
1758819600,3733.695,3758.43,3732.405,3749.44,75682
1758834000,3747.235,3751.615,3738.175,3749.72,23268
1758848400,3749.75,3753.31,3734.44,3747.72,49479
1758862800,3747.665,3755.24,3739.345,3753.015,52017
1758877200,3752.99,3757.505,3742.955,3752.045,57395
1758891600,3752.055,3783.885,3751.225,3774.365,164083
1758906000,3774.39,3783.355,3759.66,3759.855,61569
1759093200,3764.745,3787.61,3763.45,3787.135,28608
1759107600,3787.075,3809.195,3767.91,3805.1,97447
1759122000,3805.15,3819.915,3801.29,3818.845,95964
1759136400,3818.825,3831.45,3806.47,3813.795,106112
1759150800,3813.84,3833.655,3809.425,3830.45,156766
1759165200,3830.465,3834.3,3822.6,3833.88,70628
1759179600,3832.57,3840.905,3825.78,3839.155,20283
1759194000,3839.03,3867.405,3838.11,3867.175,73833
1759208400,3867.17,3871.89,3807.61,3816.37,108983
1759222800,3816.29,3821.805,3793.175,3819.475,113035
1759237200,3819.495,3854.7,3811.735,3846.025,160299
1759251600,3846.045,3860.79,3839.655,3858.45,61828
1759266000,3860.08,3865.375,3854.775,3860.535,19918
1759280400,3860.47,3875.56,3855.705,3864.99,69393
1759294800,3864.98,3895.5,3853.38,3892.95,83628
1759309200,3892.94,3895.155,3864.65,3870.575,86821
1759323600,3870.585,3878.88,3856.335,3870.955,184150
1759338000,3870.95,3871.91,3855.155,3865.53,64879
1759352400,3864.41,3866.7,3856.075,3856.09,25872
1759366800,3856.055,3870.06,3852.835,3864.3,50845
1759381200,3864.34,3878.86,3861.7,3874.66,68598
1759395600,3874.625,3892.185,3873.465,3884.515,79829
1759410000,3884.525,3897.13,3819.425,3845.035,223465
1759424400,3845.06,3859.395,3840.61,3856.56,89128
1759438800,3857.14,3863.715,3852.07,3856.88,15305
1759453200,3856.82,3862.825,3838.07,3844.1,46792
1759467600,3844.24,3865.805,3844.035,3865.01,48366
1759482000,3865,3875.135,3854.66,3873.95,70634
1759496400,3873.965,3891.76,3866.425,3883.74,207040
1759510800,3883.795,3889.295,3876.985,3886.455,98442
1759698000,3891.335,3920.975,3884.115,3900.39,68286
1759712400,3900.445,3940.55,3899.8,3938.89,70131
1759726800,3938.83,3949.67,3922.5,3942.61,107636
1759741200,3942.65,3946.76,3926.465,3934.385,121826
1759755600,3934.375,3970.2,3927.21,3954.175,184462
1759770000,3954.27,3965.155,3951.145,3960.69,79040
1759784400,3960.62,3977.4,3958.86,3962.81,58611
1759798800,3962.805,3977.045,3955.87,3976.05,65412
1759813200,3975.89,3977.015,3941.055,3951.325,102658
1759827600,3951.32,3980.095,3951.135,3979.5,88490
1759842000,3979.38,3991.135,3961.75,3976.825,219997
1759856400,3976.845,3987.855,3974.155,3984.33,108498
1759870800,3986.275,3999.445,3985.015,3992.325,31589
1759885200,3992.305,4027.355,3984.32,4026.9,85077
1759899600,4026.81,4040.595,4021.33,4036.455,86756
1759914000,4036.46,4049.7,4030.77,4040.25,92375
1759928400,4040.2,4059.35,4026.175,4056.7,180246
1759942800,4056.695,4058.1,4032.13,4041.9,137572
1759957200,4036.775,4037.1,4001.33,4023.095,64897
1759971600,4023.11,4041.265,4002.725,4038.98,115460
1759986000,4038.945,4043.7,4022.67,4038.22,90574
1760000400,4038.3,4053.72,4033.63,4053.5,80147
1760014800,4053.575,4058.11,3963.905,3969.025,374889
1760029200,3969.08,3982.175,3944.435,3976.24,206006
1760043600,3977.265,3994.52,3958.855,3991.3,46410
1760058000,3991.27,3992.48,3947.02,3966.29,123546
1760072400,3966.285,3995.005,3952.855,3991.98,152300
1760086800,3992.005,4006.735,3980.12,3985.805,122340
1760101200,3985.765,4023,3970.855,3983.545,330102
1760115600,3983.595,4021.51,3975.235,4016.68,182447
1760302800,4017.625,4060.545,3998.15,4043.97,107795
1760317200,4044.145,4059.485,4035.99,4056.255,118547
1760331600,4056.225,4079.25,4054.81,4077.87,145985
1760346000,4077.895,4086.215,4070.215,4079.76,92123
1760360400,4079.795,4117.42,4078.485,4105.715,167898
1760374800,4105.8,4115.61,4090.935,4110.335,94933
1760389200,4112.47,4132.025,4106.68,4124.62,53290
1760403600,4124.54,4170.03,4123.335,4168.16,136132
1760418000,4168.08,4179.935,4090.145,4143.95,259036
1760432400,4143.9,4144.615,4103.28,4106.47,136680
1760446800,4106.465,4155.495,4097.74,4140.39,224099
1760461200,4140.36,4152.955,4134.695,4142.625,111756
1760475600,4140.755,4169.82,4140.735,4162.53,44719
1760490000,4162.505,4190.95,4162.075,4179.805,95014
1760504400,4179.76,4218.405,4176.795,4208.075,89494
1760518800,4208.1,4212.355,4164.24,4190.835,127496
1760533200,4190.865,4212.615,4179.47,4199.155,209918
1760547600,4199.18,4213.54,4182.71,4207.77,122604
1760562000,4212.565,4227.4,4199.965,4210.55,50880
1760576400,4210.535,4242.38,4210.5,4233.53,101787
1760590800,4233.515,4236.21,4203.55,4233.11,109050
1760605200,4233.125,4251.345,4221.98,4236.235,95851
1760619600,4236.25,4292.195,4235.04,4282.81,255036
1760634000,4282.825,4330.9,4273.3,4326.065,168105
1760648400,4338.03,4380.99,4333.165,4358.145,115528
1760662800,4358.17,4377.535,4278.68,4376.62,221853
1760677200,4376.585,4378.765,4306.255,4347.53,188891
1760691600,4347.555,4348.47,4283.665,4314.73,209776
1760706000,4314.8,4317.79,4200.53,4205.12,449286
1760720400,4205.24,4255.31,4185.91,4253.975,249597
1760907600,4267.075,4268.27,4219.115,4249.425,102344
1760922000,4249.36,4271.285,4229.325,4266.15,147270
1760936400,4266.37,4266.815,4221.205,4258.7,158499
1760950800,4258.71,4327.445,4245.77,4323.54,143145
1760965200,4323.55,4355.65,4292.85,4347.75,266079
1760979600,4347.74,4381.44,4337.195,4355.795,169159
1760994000,4366.33,4375.625,4356.25,4368.645,62429
1761008400,4368.61,4372.445,4333.095,4342.005,112478
1761022800,4341.81,4344.31,4245.245,4274.15,192761
1761037200,4274.145,4278.095,4205.87,4211.095,169172
1761051600,4211.33,4225.485,4080.58,4113.455,457361
1761066000,4113.415,4131.1,4093.83,4125.27,163887
1761080400,4124.28,4129.215,4004.28,4075.135,162975
1761094800,4075.145,4143.425,4064.545,4128.375,190141
1761109200,4128.47,4161.535,4053.35,4070.68,201373
1761123600,4070.595,4101.695,4015.125,4033.87,257691
1761138000,4034.005,4085.48,4011.095,4059.27,299597
1761152400,4059.08,4113.8,4044.02,4099.4,138057
1761166800,4110.085,4111.195,4065.9,4082.15,106878
1761181200,4082.17,4101.035,4071.845,4089.605,146480
1761195600,4089.68,4137.745,4084.075,4116.33,165002
1761210000,4116.43,4129.25,4100.14,4127.135,109768
1761224400,4127.225,4154.79,4125.75,4132.995,220168
1761238800,4132.99,4143.6,4107.535,4126.075,115500
1761253200,4125.85,4133.895,4106.035,4132.87,37345
1761267600,4132.9,4144.535,4102.8,4111.555,97239
1761282000,4111.92,4118.025,4047.555,4065.515,152177
1761296400,4065.5,4094.18,4043.515,4082.265,143458
1761310800,4082.36,4138.67,4078.975,4129.495,229794
1761325200,4129.535,4134.39,4096.625,4114.125,92964
1761512400,4085.7,4109,4058.205,4081.27,78802
1761526800,4081.295,4097.87,4053.71,4068.835,120956
1761541200,4068.855,4085.17,4024.34,4043.58,138972
1761555600,4043.545,4050.41,4015.29,4046.06,168050
1761570000,4046.115,4050.61,3971.445,3999.44,306476
1761584400,3999.47,4010.305,3979.335,3981.985,188259
1761598800,3990.015,4009.7,3972.93,4006.67,59129
1761613200,4006.65,4019.805,3963.62,3973.695,120580
1761627600,3973.94,3980.1,3896.46,3897.275,148190
1761642000,3897.285,3931.53,3886.465,3912.815,177351
1761656400,3912.95,3969.615,3912.26,3958.73,229854
1761670800,3958.735,3970.465,3945.15,3953,105566
1761685200,3955.945,3982.495,3907.925,3975.325,60445
1761699600,3975.285,3979.9,3943.825,3952.085,125528
1761714000,3952.23,4018.595,3950.79,4017.015,122831
1761728400,4016.98,4030.34,4013.5,4025.55,171166
1761742800,4025.56,4025.79,3989.52,3992.865,229970
1761757200,3992.795,4007.875,3927.86,3930.615,258818
1761771600,3921.61,3964.36,3916.59,3950.48,57040
1761786000,3950.485,3982.665,3915.52,3972.47,138345
1761800400,3972.505,3978.24,3947.035,3976.585,136103
1761814800,3976.56,4011.705,3961.215,3961.48,165385
1761829200,3961.44,4015.1,3960.32,4001.55,248217
1761843600,4001.545,4027.235,3994.485,4024.525,125707
1761858000,4021.47,4046.595,4016.46,4025.01,51640
1761872400,4025.04,4039.58,3989.065,4005.9,135585
1761886800,4005.455,4026.82,3994.115,4010.575,152798
1761901200,4010.46,4036.435,3998.875,4023.06,139312
1761915600,4023.05,4035.725,3972.285,3980.72,274776
1761930000,3980.735,4010.08,3980.575,4002.81,102748
1762120800,3995.47,4002.075,3962.275,3996.09,70121
1762135200,3996.055,4018.33,3990.445,4013.935,73799
1762149600,4013.93,4028.13,3993.1,4000.63,130651
1762164000,4000.675,4020.765,3994.34,4016.155,140039
1762178400,4015.96,4030.825,3995.22,4006.23,219405
1762192800,4006.305,4015.06,3995.445,4001.605,81030
1762207200,4005.115,4005.27,3978.675,3987.545,77273
1762221600,3987.52,3999.465,3972.805,3973.355,79615
1762236000,3973.365,4000.855,3966.605,3991.27,88574
1762250400,3991.245,4000.085,3971.855,3975.82,141739
1762264800,3975.8,3977.875,3928.685,3955.08,178497
1762279200,3954.825,3956.93,3930.56,3932.1,83580
1762293600,3937.93,3949.56,3929.35,3937.125,58895
1762308000,3937.06,3978.78,3935.725,3965.055,69364
1762322400,3965.07,3987.34,3962.04,3971.955,64794
1762336800,3971.885,3979.48,3956.1,3975.91,65624
1762351200,3975.925,3990.565,3964.27,3982.12,139998
1762365600,3982.145,3990.175,3977.995,3980.115,50190
1762380000,3968.78,3977.795,3964.455,3976.765,36605
1762394400,3976.785,3990.87,3974.38,3987.645,33665
1762408800,3987.655,4017.06,3982.365,4011.01,87890
1762423200,4011,4019.645,4002.95,4012.33,111533
1762437600,4012.315,4014.09,3965.71,3986.34,239938
1762452000,3986.35,3995.365,3976.88,3977.14,124130
1762466400,3979.465,4002.85,3978.435,4001.845,43685
1762480800,4001.82,4003.41,3985.605,3994.95,43910
1762495200,3994.96,4014.29,3992.25,4006.76,64624
1762509600,4006.81,4011.925,3991.69,3997.855,92429
1762524000,3997.885,4027.595,3984.01,4005.6,181655
1762538400,4005.595,4009.325,3994.64,4001.275,101458
1762725600,4005.675,4053.47,4004.355,4044.07,69705
1762740000,4043.99,4070.07,4037.74,4069.56,66060
1762754400,4069.63,4086.375,4066.9,4076.705,89234
1762768800,4076.69,4106,4075.86,4091.645,104759
1762783200,4091.635,4102.85,4074.49,4102.72,156244
1762797600,4102.735,4116.69,4101.77,4115.41,99177
1762812000,4116.835,4141.365,4116.075,4136.355,47892
1762826400,4136.33,4149.1,4124.895,4131.13,66096
1762840800,4131.08,4146.035,4124.985,4141.89,71726
1762855200,4141.965,4146.885,4133.34,4142.65,60523
1762869600,4142.71,4143.295,4097.245,4114.535,135735
1762884000,4114.635,4131.97,4106.64,4126.505,38537
1762898400,4130.9,4145.61,4126.315,4131.5,66691
1762912800,4131.455,4135.495,4098.915,4104.725,88193
1762927200,4104.685,4133.855,4103.275,4124.74,89726
1762941600,4124.785,4139.51,4117.945,4127.285,87223
1762956000,4127.34,4206.515,4125.045,4199.535,249949
1762970400,4199.57,4211.795,4190.48,4195.21,166621
1762984800,4202.635,4209.315,4179.735,4192.43,79840
1762999200,4192.405,4219.52,4183.51,4212.02,132433
1763013600,4211.945,4239.66,4203.27,4233.215,105456
1763028000,4233.205,4245.195,4219.35,4231.745,155003
1763042400,4231.83,4232.425,4184.51,4202.05,282310
1763056800,4202.065,4203.46,4145.19,4171.745,188040
1763071200,4177.285,4193.825,4173.72,4190.025,76150
1763085600,4190.03,4211.435,4183.985,4189.9,117753
1763100000,4189.865,4193.53,4158.995,4169.44,130961
1763114400,4169.415,4171.14,4041.37,4055.975,184857
1763128800,4055.835,4111.185,4032.23,4099.92,191928
1763143200,4099.925,4103.75,4075.615,4085.825,76753
1763330400,4078.275,4106.705,4077.96,4091.325,90749
1763344800,4091.32,4093.905,4049.76,4058.48,87194
1763359200,4058.515,4095.935,4054.9,4082.28,76009
1763373600,4082.275,4092.29,4060.65,4065.48,80179
1763388000,4065.505,4082.01,4052.38,4073.345,170486
1763402400,4073.35,4076.33,4007.055,4045.86,140358
1763416800,4050.79,4054.755,4022.425,4025.15,68940
1763431200,4025.14,4035.89,4004.725,4019.005,94187
1763445600,4019.07,4047.335,3997.985,4040.365,108356
1763460000,4040.35,4070.415,4029.33,4065.305,119255
1763474400,4065.3,4081.915,4040.55,4071.67,182042
1763488800,4071.6,4082.58,4063.22,4067.425,70657
1763503200,4067.645,4078.655,4056.39,4059.09,49800
1763517600,4059.115,4097.565,4055.525,4095.63,74734
1763532000,4095.655,4116.4,4078.35,4113.325,68696
1763546400,4113.35,4120.015,4100.85,4110.765,90872
1763560800,4110.84,4132.985,4055.475,4078.835,227562
1763575200,4078.945,4091.4,4065.76,4077.85,119625
1763589600,4088.255,4110.37,4081.195,4081.605,62881
1763604000,4081.595,4085.695,4038.9,4066.79,102131
1763618400,4066.66,4077.945,4038.93,4064.225,95955
1763632800,4064.235,4096.545,4051.16,4080.245,165392
1763647200,4080.225,4107.35,4043.58,4066.225,330131
1763661600,4066.215,4087.445,4056.215,4077.535,188122
1763676000,4073.08,4088.725,4060.5,4068.68,63664
1763690400,4068.695,4080.105,4039.75,4058.69,111582
1763704800,4058.695,4065.095,4022.26,4050.615,167101
1763719200,4050.535,4081.39,4031.1,4079.745,228466
1763733600,4079.685,4101.07,4055.16,4085.645,272393
1763748000,4085.65,4092.185,4054.74,4065.01,145336
1763935200,4067.61,4077.795,4042.755,4044.235,64417
1763949600,4044.125,4061.425,4040.02,4046.545,71325
1763964000,4046.52,4074.415,4045.67,4072.045,81970
1763978400,4072.02,4086.02,4063.285,4077.945,119230
1763992800,4077.9,4100.47,4068.445,4093.02,199468
1764007200,4093.025,4139.89,4088.085,4133.975,119663
1764021600,4135.485,4144.585,4122.55,4134.94,74089
1764036000,4134.905,4155.9,4132.93,4151.09,98350
1764050400,4150.955,4152.21,4109.71,4128.46,121261
1764064800,4128.455,4150.915,4115.51,4147.77,124938
1764079200,4147.785,4159.38,4110.805,4146.215,246747
1764093600,4146.235,4151.085,4127.62,4130.55,146379
1764108000,4134.495,4152.985,4129.99,4148.545,44796
1764122400,4148.525,4169.58,4147.465,4162.46,98559
1764136800,4162.415,4168.63,4146.68,4162.865,102799
1764151200,4162.875,4173.5,4148.57,4153.5,149643
1764165600,4153.51,4169.935,4136.665,4167.275,179614
1764180000,4167.29,4171.905,4158.1,4163.575,80771
1764194400,4165.255,4168.75,4148.76,4154.45,42584
1764208800,4154.48,4156.425,4142.73,4146.99,64271
1764223200,4147.02,4167.26,4146.885,4158.595,84626
1764237600,4158.635,4162.605,4149.085,4155.08,78940
1764252000,4155.075,4161.925,4151.505,4157.985,48888
1764266400,4157.98,4160.46,4155.335,4158.8,6922
1764280800,4159.355,4193.26,4159.325,4191.295,48215
1764295200,4191.28,4192.705,4170.68,4181.97,32678
1764309600,4181.655,4192.46,4153.74,4167.545,14849
1764324000,4167.8,4182.975,4159.32,4182.7,25609
1764338400,4182.785,4217.1,4182.66,4216.97,164434
1764352800,4217.04,4226.915,4210.96,4215.82,58981
1764540000,4226.31,4256.45,4205.785,4255.56,110081
1764554400,4255.55,4256.6,4215.605,4229.675,184424
1764568800,4229.75,4253.715,4226.27,4250.125,182400
1764583200,4250.14,4264.7,4244.225,4247.395,178558
1764597600,4247.455,4249.36,4219.495,4232.285,254021
1764612000,4232.345,4244.81,4229.315,4232.29,115923
1764626400,4231.77,4236.15,4192.915,4219.56,70317
1764640800,4219.555,4226.415,4213.8,4225.005,74724
1764655200,4225.03,4226.35,4181.14,4192.12,87221
1764669600,4192.085,4215.33,4182.31,4212.565,101316
1764684000,4212.495,4230.685,4163.805,4193.885,204431
1764698400,4193.865,4212.495,4183.23,4205.665,69622
1764712800,4202.48,4221.185,4202.38,4214.435,75013
1764727200,4214.435,4229.065,4203.405,4207.705,90394
1764741600,4207.735,4211.995,4197.22,4202.205,90740
1764756000,4202.215,4238.585,4194.645,4237.39,116383
1764770400,4237.49,4241.565,4195.855,4211.075,241964
1764784800,4211.205,4212.825,4195.195,4203.115,101100
1764799200,4206.465,4217.08,4202.9,4209.24,64480
1764813600,4209.31,4209.31,4174.81,4181.1,98536
1764828000,4181.155,4202.28,4178.82,4199.95,128933
1764842400,4199.945,4206.63,4185.45,4198.43,108231
1764856800,4198.385,4219.62,4191.545,4216.715,213006
1764871200,4216.68,4217.675,4199.545,4208.765,81577
1764885600,4209.41,4210.685,4194.815,4203.14,47830
1764900000,4203.17,4221.475,4196.77,4220.65,88918
1764914400,4220.635,4230.9,4215.935,4223.43,76105
1764928800,4223.415,4239.03,4220.15,4234.62,68320
1764943200,4234.54,4259.34,4198.545,4217.565,206652
1764957600,4217.54,4219.35,4192.055,4198.685,91176
1765144800,4198.685,4211.86,4197.54,4201.25,53897
1765159200,4201.19,4217.365,4198.72,4217.3,91562
1765173600,4217.295,4219.175,4203.175,4207.855,88578
1765188000,4207.85,4215.585,4197.895,4201.9,107049
1765202400,4201.905,4211.85,4176.205,4195.045,212160
1765216800,4195.01,4195.74,4184.435,4190.66,75966
1765231200,4191.48,4197.415,4188.885,4196.375,50291
1765245600,4196.315,4198.905,4178.035,4179.665,95714
1765260000,4179.7,4213.05,4169.985,4203.035,160602
1765274400,4203.07,4208.57,4195.725,4201.515,148353
1765288800,4201.54,4221.625,4189.505,4203.14,242175
1765303200,4203.225,4216.035,4201.255,4207.915,92821
1765317600,4209.445,4218.15,4206.93,4213.75,59133
1765332000,4213.73,4218.86,4201.7,4211.575,114178
1765346400,4211.515,4211.855,4192.65,4194.39,87319
1765360800,4194.34,4205.23,4187.8,4200.745,122810
1765375200,4200.7,4207.105,4188.97,4199.735,205597
1765389600,4199.775,4238.785,4182.08,4228.775,187953
1765404000,4228.245,4247.805,4224.255,4238.39,67011
1765418400,4238.365,4240.915,4206.075,4207.35,104483
1765432800,4207.355,4221.615,4204.27,4218.495,81139
1765447200,4218.51,4226.08,4205.35,4221.015,86178
1765461600,4221.035,4281.815,4217.945,4278.71,212223
1765476000,4278.605,4285.89,4262.83,4279.335,111962
1765490400,4282.93,4283.005,4264.525,4270.935,70705
1765504800,4270.95,4280.695,4266.045,4278.94,101907
1765519200,4278.945,4320.425,4276.665,4318.315,118805
1765533600,4318.3,4346.32,4314.695,4341.155,182146
1765548000,4341.145,4353.555,4257.275,4294.255,352460
1765562400,4294.3,4304.215,4288.74,4299.38,99542
1765749600,4302.985,4325.925,4300.41,4322.53,55399
1765764000,4322.39,4344.46,4319.32,4343.615,98149
1765778400,4343.78,4350.285,4333.545,4342.565,113872
1765792800,4342.56,4348.525,4330.74,4332.06,108141
1765807200,4332.075,4336.835,4285.515,4304.425,288263
1765821600,4304.53,4317.81,4299.725,4304.91,104269
1765836000,4307.67,4318.035,4299.355,4308.79,66648
1765850400,4308.68,4312.3,4271.575,4284.185,117339
1765864800,4284.22,4292.345,4275.275,4280.495,95905
1765879200,4280.545,4313.27,4273.885,4313.015,105483
1765893600,4313.04,4335.185,4291.41,4303.725,235010
1765908000,4303.83,4315.92,4296.81,4302.225,95766
1765922400,4303.6,4326.78,4302.405,4326.635,51312
1765936800,4326.69,4342.58,4311.145,4333.9,96857
1765951200,4333.88,4337.64,4308.44,4317.015,98250
1765965600,4316.895,4344.26,4306.515,4342.145,101163
1765980000,4342.125,4349.28,4320.325,4342.58,272891
1765994400,4342.585,4346.61,4328.82,4337.83,97931
1766008800,4338.89,4343.095,4324.02,4331.745,65706
1766023200,4331.78,4337.985,4328.69,4333.32,125638
1766037600,4333.27,4337.785,4320.655,4323.64,129121
1766052000,4323.615,4343.185,4314.68,4336.65,139403
1766066400,4336.635,4374.655,4308.67,4333.565,327293
1766080800,4333.575,4341.455,4322.755,4332.59,142467
1766095200,4335.855,4337.07,4309.095,4323.32,40487
1766109600,4323.365,4328.97,4312.68,4325.97,88690
1766124000,4326.015,4333.67,4321.085,4329.585,106965
1766138400,4329.555,4335.705,4320.775,4328.365,122345
1766152800,4328.325,4355.99,4319.83,4353.555,244017
1766167200,4353.495,4356.625,4336.555,4338.765,77079
1766354400,4340.905,4384.96,4339.9,4382.97,51853
1766368800,4382.995,4409.76,4378.695,4400.21,78583
1766383200,4400.235,4420.515,4398.96,4411.2,82209
1766397600,4411.195,4427.42,4406.06,4423.865,162359
1766412000,4423.905,4442.27,4411.945,4438.51,208681
1766426400,4438.61,4449.385,4429.005,4443.74,80595
1766440800,4449.18,4490.69,4449.045,4486.675,58946
1766455200,4486.66,4497.685,4474.92,4475.335,148409
1766469600,4475.245,4493.49,4469.5,4480.5,201863
1766484000,4480.545,4497.635,4473.51,4479.36,205624
1766498400,4479.425,4480.13,4430.515,4472.965,255680
1766512800,4473.08,4499.82,4472.74,4484.55,103788
1766527200,4488.59,4526.15,4488,4518.84,107974
1766541600,4518.815,4519.52,4466.54,4488.645,192668
1766556000,4488.65,4498.025,4478.205,4494.895,182176
1766570400,4494.89,4500.035,4474.72,4488.29,180680
1766584800,4488.135,4489.785,4448.26,4480.745,336836
1766599200,4480.765,4482.5,4477.405,4479.415,15756
1766700000,4502.625,4536.74,4484.195,4504.045,129453
1766714400,4504.02,4514.98,4492.21,4509.82,279647
1766728800,4509.875,4520.7,4507.435,4512.83,228442
1766743200,4512.795,4528.885,4502.91,4525.195,235077
1766757600,4525.19,4550.15,4510.025,4519.07,284284
1766772000,4519.055,4535.795,4514.705,4533.21,172539
1766959200,4542.66,4548.35,4472.25,4497.325,224043
1766973600,4497.325,4520.61,4496.45,4506.665,235033
1766988000,4506.545,4510.74,4445.115,4472.18,250967
1767002400,4472.165,4474.68,4407.145,4421.735,246428
1767016800,4421.665,4421.665,4302.11,4328.255,310522
1767031200,4328.35,4344.695,4322.83,4332.56,137645
1767045600,4341.72,4360.405,4323.42,4360.37,119226
1767060000,4360.36,4380.23,4348.805,4377.585,206108
1767074400,4377.535,4383.445,4350.49,4372.345,256217
1767088800,4372.28,4404.375,4368.01,4388.55,277553
1767103200,4388.565,4392.34,4355.145,4370.32,328721
1767117600,4370.325,4378.865,4334.8,4339.395,160376
1767132000,4341.77,4373.59,4328.125,4365.995,148835
1767146400,4365.955,4371.425,4276.685,4285.815,285708
1767160800,4286.105,4337.48,4274.025,4325.66,192064
1767175200,4325.675,4348.395,4303.255,4346.105,186099
1767189600,4345.995,4353.445,4317.235,4322.085,298068
1767204000,4322.005,4331.78,4304.645,4322.61,144792
1767304800,4326.405,4355.885,4326.285,4348.095,67855
1767319200,4348.105,4381.975,4345.32,4380.66,108477
1767333600,4380.69,4397.835,4372.05,4385.56,172466
1767348000,4385.59,4402.295,4362.165,4366.255,186897
1767362400,4366.27,4373.91,4315.195,4323.245,277516
1767376800,4323.085,4333.725,4309.915,4332.065,93834
1767564000,4356.505,4421.605,4349.355,4402.2,153827
1767578400,4402.08,4414.705,4388.575,4412.46,205454
1767592800,4412.46,4438.335,4411.565,4434.865,160216
1767607200,4434.85,4440.055,4396.485,4416.965,175173
1767621600,4417.025,4455.77,4417.025,4443.615,266089
1767636000,4443.55,4449.54,4434.855,4449.17,95150
1767650400,4454.8,4460.285,4427.635,4450.89,96213
1767664800,4450.905,4474.265,4448.72,4452.505,169248
1767679200,4452.495,4475.79,4444.91,4446.58,158754
1767693600,4446.555,4470.63,4442.665,4468.09,173708
1767708000,4468.165,4491.65,4463.13,4489.51,283975
1767722400,4489.44,4497.31,4477.49,4494.635,100108
1767736800,4498.54,4500.56,4460.985,4465.58,105841
1767751200,4465.525,4480.52,4443.24,4454.38,182864
1767765600,4454.365,4474.875,4441.445,4463.59,143790
1767780000,4463.54,4467.745,4428.015,4452.96,179390
1767794400,4452.99,4468.37,4423.385,4451.93,248652
1767808800,4451.815,4461.625,4445.545,4456.65,111544
1767823200,4461.955,4466.485,4441.935,4448.4,103642
1767837600,4448.395,4449.61,4415.405,4425.815,244432
1767852000,4425.83,4439.765,4415.745,4432.77,226458
1767866400,4432.78,4436.205,4407.835,4423.835,205979
1767880800,4423.87,4465.745,4418.925,4463.565,297667
1767895200,4463.53,4479.71,4444.715,4477.565,118772
1767909600,4476.635,4479.735,4452.92,4468.91,92800
1767924000,4468.965,4476.615,4458.295,4468.1,139369
1767938400,4468.115,4477.7,4464.2,4471.285,116101
1767952800,4471.225,4492.135,4458.935,4482.9,158597
1767967200,4482.685,4517.25,4479.135,4484.475,301078
1767981600,4484.485,4511.47,4483.065,4509.66,88467
1768168800,4521.495,4601.695,4521.19,4570.19,174553
1768183200,4570.18,4585.17,4561.935,4581.065,210560
1768197600,4581.025,4599.475,4569.88,4589.225,206147
1768212000,4589.22,4620.38,4578.485,4615.905,193962
1768226400,4615.895,4630.19,4585.07,4616.415,273390
1768240800,4616.435,4618.985,4589.415,4597.65,123275
1768255200,4597.62,4600,4575.585,4577.95,128116
1768269600,4577.78,4602.195,4576.75,4592.225,186998
1768284000,4592.22,4597.095,4573.605,4586.155,154680
1768298400,4586.115,4621.03,4577.925,4611.56,158128
1768312800,4611.54,4634.89,4586.825,4590.595,306727
1768327200,4590.52,4602.09,4569.47,4586.005,140830
1768341600,4591.935,4620.03,4591.495,4619.385,109416
1768356000,4619.445,4639.89,4613.51,4619.895,143493
1768370400,4619.905,4639.695,4618.575,4630.535,144171
1768384800,4630.525,4641.985,4624.305,4635.805,168860
1768399200,4635.795,4639.07,4599.5,4614.4,342545
1768413600,4614.375,4642.97,4612.905,4626.575,169859
1768428000,4624.17,4624.17,4583.565,4600.17,156002
1768442400,4599.465,4614.86,4581.065,4595.35,227617
1768456800,4595.36,4613.645,4593.635,4612.65,172607
1768471200,4612.675,4623.11,4581.625,4588.325,201492
1768485600,4588.34,4625.015,4583.22,4616.61,269186
1768500000,4616.64,4621.72,4600.71,4616.04,102442
1768514400,4619.075,4620.975,4593.78,4600.62,113981
1768528800,4600.615,4616.315,4591.37,4611.58,138948
1768543200,4611.53,4612.41,4594.095,4600.845,119252
1768557600,4600.81,4616.33,4582.67,4602.055,139221
1768572000,4602.05,4620.39,4536.49,4581.51,299957
1768586400,4581.465,4598.64,4579.955,4596.32,106744
1768773600,4649.78,4690.94,4646.135,4657.285,145522
1768788000,4657.28,4674.48,4653.225,4670.065,124687
1768802400,4670.08,4679.11,4661.725,4668.48,118068
1768816800,4668.475,4673.85,4659.73,4666.175,110371
1768831200,4666.205,4678.95,4661.55,4676.35,81353
1768845600,4676.35,4680.405,4667.115,4670.295,23796
1768860000,4668.575,4676.235,4659.395,4669.805,58121
1768874400,4669.74,4716.745,4665.545,4714.63,129695
1768888800,4714.575,4737.57,4705.74,4732.51,134876
1768903200,4732.49,4738.54,4715.035,4737.265,147512
1768917600,4737.275,4762.47,4722.51,4759.19,266790
1768932000,4759.2,4766.4,4747.36,4763.37,100962
1768946400,4762.815,4844.29,4757.885,4835.49,107378
1768960800,4835.455,4878.25,4817.24,4870.025,173956
1768975200,4870.035,4888.545,4832.725,4860.415,159816
1768989600,4860.38,4880.415,4855.19,4879.295,132432
1769004000,4879.3,4880.935,4802.62,4826.48,379854
1769018400,4826.365,4854.165,4755.075,4831.38,265387
1769032800,4816.795,4821.3,4772.27,4797.935,126210
1769047200,4797.775,4821.775,4774.61,4821.415,147988
1769061600,4821.41,4839.71,4813.96,4823.185,125383
1769076000,4823.2,4836.43,4810.74,4822.29,131305
1769090400,4822.32,4906.47,4820.49,4904.715,254091
1769104800,4904.7,4940.885,4901.375,4936.075,134103
1769119200,4952.295,4967.52,4930.84,4953.995,110620
1769133600,4953.94,4967.28,4938.1,4960.64,71755
1769148000,4960.59,4963.27,4899.795,4918.66,146341
1769162400,4918.715,4947.98,4912.07,4939.18,174287
1769176800,4939.195,4988.44,4932.89,4965.895,251377
1769191200,4965.995,4990.12,4958.345,4987.545,132942
1769378400,5015.63,5085.665,5003.705,5071.115,165304
1769392800,5071.09,5092.975,5052.365,5074.425,229500
1769407200,5074.41,5111.51,5065.39,5084.14,219028
1769421600,5084.23,5097.1,5054.67,5068.735,196713
1769436000,5068.8,5105.34,5058.45,5101.235,302404
1769450400,5101.2,5103.22,4990.215,5008.875,408930
1769464800,5035.795,5076.14,5013.875,5060.14,142805
1769479200,5059.99,5085.495,5049.585,5083.11,165669
1769493600,5083.125,5100.84,5073.51,5098.325,154153
1769508000,5098.66,5098.66,5066.64,5077.555,158466
1769522400,5077.52,5103.355,5046.84,5081.37,378203
1769536800,5081.395,5190.51,5076.45,5180.625,259750
1769551200,5181.64,5225.36,5157.21,5204.87,158774
1769565600,5204.82,5266.435,5201.745,5261.35,207143
1769580000,5261.47,5311.665,5251.87,5278.37,196773
1769594400,5278.41,5289.71,5238.59,5266.645,211224
1769608800,5266.615,5307.285,5235.75,5298.11,410167
1769623200,5298.145,5419.645,5268.45,5418.545,420298
1769637600,5446.995,5602.225,5432.455,5545.785,287112
1769652000,5545.73,5564.725,5504.585,5562.655,275436
1769666400,5562.725,5595.77,5473.555,5513.92,265911
1769680800,5513.925,5543.23,5470.9,5510.785,243144
1769695200,5510.775,5549.565,5097.215,5335.37,667195
1769709600,5335.4,5426.085,5282.98,5370.23,396867
1769724000,5419.64,5451.16,5290.44,5300.745,225454
1769738400,5300.74,5312.725,5112.105,5185.135,427263
1769752800,5185.29,5205.81,4941.5,5013.76,449322
1769767200,5013.44,5145.98,4992.555,5019.645,390037
1769781600,5019.53,5113.795,4800.855,4850.225,696860
1769796000,4850.19,4948.545,4679.51,4895.44,494193
1769983200,4833.89,4884.56,4584.82,4736.89,360364
1769997600,4736.79,4773.225,4498.085,4549.31,489491
1770012000,4549.25,4731.64,4402.38,4719.6,496234
1770026400,4719.255,4812.265,4657.01,4706.305,370708
1770040800,4706.305,4794.685,4596.74,4674.11,529096
1770055200,4674.21,4712.925,4618.67,4661.055,302373
1770069600,4704.095,4856.76,4695.53,4841.405,253789
1770084000,4841.38,4842.3,4745.68,4825.305,317981
1770098400,4825.365,4950.68,4816.66,4916.175,261486
1770112800,4916.21,4951.295,4883.69,4933.07,209249
1770127200,4933.14,4993.835,4893.775,4929.04,427536
1770141600,4928.675,4964.24,4880.595,4946.805,288168
1770156000,4959.765,5053.675,4909.17,5046.855,203747
1770170400,5046.81,5090.435,5035.72,5079.455,151736
1770184800,5079.46,5091.93,5043.245,5060.1,160815
1770199200,5060.245,5064.58,5013.77,5054.185,162911
1770213600,5054.195,5059.23,4848.405,4897.86,476586
1770228000,4897.92,4971.18,4872.865,4964.455,216300
1770242400,4995.96,5024.03,4935.81,4959.135,171281
1770256800,4959.185,4962.33,4789.655,4896.725,411065
1770271200,4896.71,4943.735,4849.9,4855.395,263171
1770285600,4855.39,4894.805,4802.06,4835.635,281055
1770300000,4835.645,4906.735,4800.535,4869.025,467019
1770314400,4868.98,4875.25,4759.48,4780.675,241563
1770328800,4778.27,4785.005,4655.23,4774.51,298387
1770343200,4774.49,4898.15,4760.865,4897.55,254936
1770357600,4897.465,4903.4,4824.705,4866.805,186499
1770372000,4866.8,4938.505,4852.045,4929.115,168825
1770386400,4929.13,4968.72,4894.45,4960.6,304868
1770400800,4960.58,4971.34,4936.69,4964.62,123030
1770588000,4989.93,5047.915,4965.42,4983.005,156817
1770602400,4982.955,5041.755,4968.885,5036.605,154717
1770616800,5036.68,5045.815,4997.855,5007.985,147797
1770631200,5007.93,5025,4982.495,5007.34,144356
1770645600,5007.38,5080.895,5002.4,5046.3,220202
1770660000,5046.29,5086.68,5044.44,5057.775,154431
1770674400,5057.535,5064.13,4987.385,5033.055,156314
1770688800,5032.98,5056.34,5011.445,5039.295,149819
1770703200,5039.135,5063.55,5018.67,5046.905,128202
1770717600,5046.9,5059.06,5019.935,5051.175,114934
1770732000,5051.195,5078.745,4998.95,5026.605,265614
1770746400,5026.585,5045.6,5004.73,5025.12,118764
1770760800,5033.585,5054.855,5028.39,5052.6,72129
1770775200,5052.575,5064.04,5032.745,5053.15,88237
1770789600,5053.14,5072.185,5045.92,5062.925,82786
1770804000,5062.91,5119.345,5019.715,5065.77,186146
1770818400,5065.79,5099.315,5035.78,5091.53,326918
1770832800,5091.45,5094.29,5066.96,5084.28,140348
1770847200,5095.495,5095.915,5045.445,5063.65,105797
1770861600,5063.56,5078.42,5050.985,5075.815,90711
1770876000,5075.69,5080.91,5047.13,5073.265,87751
1770890400,5073.27,5083.855,5048.935,5075.455,72344
1770904800,5075.475,5077.905,4878.5,4941.145,375133
1770919200,4941.14,4958.155,4906.765,4922.08,275860
1770933600,4888.315,4988.825,4888.315,4980.865,128298
1770948000,4980.78,4997.555,4944.93,4946.555,113062
1770962400,4946.565,4989.695,4946.135,4970.34,110547
1770976800,4970.355,4999.685,4933.635,4987.26,117871
1770991200,4987.275,5033.735,4964.22,5021.045,297978
1771005600,5021.085,5046.48,5015.485,5042.74,127472
1771192800,5017.145,5032.565,5000.13,5028.955,81521
1771207200,5028.965,5031.28,4964.865,4990.77,93769
1771221600,4990.775,5017.445,4984.58,5013.66,66840
1771236000,5013.67,5017.225,4989.64,4997.365,60425
1771250400,4997.37,4999.66,4969.11,4991.765,79574
1771264800,4991.865,4997.975,4988.645,4992.005,14671
1771279200,4997.26,5001.24,4922.895,4957.605,82044
1771293600,4957.485,4971.55,4859.2,4888.94,111528
1771308000,4889,4932.67,4886.6,4926.09,99821
1771322400,4926.03,4944.7,4869.965,4870.96,124460
1771336800,4870.92,4907.235,4842.6,4865.095,379666
1771351200,4865.1,4910.9,4862.395,4877.855,183962
1771365600,4871.135,4893.55,4854.24,4889.98,74672
1771380000,4890.02,4940.89,4886.475,4933.49,57420
1771394400,4933.655,4942.49,4913.075,4917.425,62184
1771408800,4917.465,4969.1,4906.425,4954.78,101452
1771423200,4954.79,5010.915,4952.34,4999.195,196745
1771437600,4999.185,5003.27,4972.87,4977.26,163886
1771452000,4973.795,4988.86,4960.645,4973.14,59969
1771466400,4973.08,4998.94,4965.825,4997.28,50570
1771480800,4997.275,5022.17,4993.215,4995.67,72360
1771495200,4995.62,4998.81,4971.125,4997.17,96664
1771509600,4997.12,5022.385,4963.445,4985.165,214444
1771524000,4985.2,5004.225,4975.41,4996.49,121908
1771538400,5000.805,5014.865,4985.435,4997.145,49044
1771552800,4997.135,5012.185,4981.67,5012.185,42535
1771567200,5012.09,5042.74,5004.97,5027.635,78021
1771581600,5027.67,5048.885,5007.285,5043.48,101302
1771596000,5043.5,5076.465,4990.585,5073.12,355687
1771610400,5073.06,5108.72,5053.79,5108.255,164668
1771797600,5118.71,5172.315,5117.815,5157.345,126114
1771812000,5157.375,5176.95,5151.775,5158.36,83386
1771826400,5158.35,5161.755,5122.22,5149.5,97559
1771840800,5149.59,5165.565,5143.85,5146.375,103565
1771855200,5146.325,5219.215,5141.615,5208.06,238471
1771869600,5208.09,5237.95,5201.015,5226.87,136482
1771884000,5244.98,5250.005,5145.135,5177.375,151793
1771898400,5177.38,5191.95,5161.12,5182.475,108881
1771912800,5182.47,5185.24,5155.905,5171.595,96559
1771927200,5171.55,5181.49,5111,5115.145,121506
1771941600,5115.14,5163.86,5093.225,5163.78,246410
1771956000,5163.715,5173.31,5139.88,5143.925,123579
1771970400,5135.495,5189.895,5128.285,5176.685,87650
1771984800,5176.66,5210.68,5166.495,5201.705,92786
1771999200,5201.72,5201.73,5176.635,5193.295,92375
1772013600,5193.3,5195.285,5155.095,5185.205,99913
1772028000,5185.175,5217.78,5158.645,5206.945,187863
1772042400,5206.96,5208.445,5144.905,5163.58,129266
1772056800,5173.57,5198.455,5155.13,5191.5,114706
1772071200,5191.495,5205.64,5174.07,5198.365,102163
1772085600,5198.395,5199.82,5167.7,5186.49,106018
1772100000,5186.485,5190.335,5157.87,5165.995,118221
1772114400,5165.985,5192.955,5130.235,5167.345,294838
1772128800,5167.49,5201.005,5160.53,5185.17,118770
1772143200,5182.035,5195.03,5166.995,5194.41,79117
1772157600,5194.47,5200.64,5173.59,5197.815,93606
1772172000,5197.83,5199.47,5172.225,5176.11,88155
1772186400,5176.145,5240.825,5168.685,5223.22,127747
1772200800,5223.17,5257.75,5213.935,5234.74,276773
1772215200,5234.75,5281.155,5222.665,5278.51,149143
1772402400,5368.53,5394.005,5303.39,5325.44,251302
1772416800,5325.34,5367.325,5317.325,5366.04,120713
1772431200,5366.045,5419.66,5363.835,5392.11,146641
1772445600,5392.115,5417.045,5374.37,5394.08,168903
1772460000,5394.1,5395.375,5260.285,5306.995,437525
1772474400,5306.99,5346.585,5289.87,5321.935,162343
1772488800,5344.96,5379.975,5329.3,5339.67,109325
1772503200,5339.69,5375.865,5305.1,5319.32,160464
1772517600,5319.36,5336.12,5225.57,5275.345,235649
1772532000,5275.28,5288.07,5073.135,5156.895,358623
1772546400,5156.885,5175.7,4996.275,5079.63,499469
1772560800,5079.545,5149.055,5079.375,5088.835,253853
1772575200,5106.335,5178.82,5105.37,5175.155,145436
1772589600,5175.075,5191.065,5141.14,5160.09,200568
1772604000,5160.095,5185.4,5117.72,5182.51,173862
1772618400,5182.53,5206.265,5156.51,5167.965,190166
1772632800,5167.99,5185.33,5120.285,5141.285,360246
1772647200,5141.23,5146.945,5108.64,5140.945,153781
1772661600,5152.485,5186.575,5144.86,5172.85,83813
1772676000,5172.8,5195.22,5148.41,5148.755,106369
1772690400,5148.755,5180.48,5120.785,5161.26,189705
1772704800,5161.255,5171.54,5081.23,5118.085,167254
1772719200,5118.09,5130.005,5054.22,5062.87,424820
1772733600,5062.75,5094.925,5050.905,5081.38,268809
1772748000,5090.81,5144.05,5066.4,5134.575,110670
1772762400,5134.44,5141.64,5114.23,5117.63,101699
1772776800,5117.595,5123.16,5083.33,5085.715,128837
1772791200,5085.77,5131.245,5063.215,5085.12,232886
1772805600,5085.17,5171.89,5080.905,5141.01,412644
1772820000,5141.015,5176.63,5138.88,5171.5,174681
1773003600,5171.95,5171.95,5028.54,5050.03,216231
1773018000,5049.625,5102.255,5015.045,5090.36,244796
1773032400,5090.35,5140.79,5081.185,5096.725,217445
1773046800,5096.71,5132.765,5079.93,5095.07,194900
1773061200,5095.075,5116.28,5060.595,5104.74,352244
1773075600,5104.76,5148.205,5089.135,5137.91,168491
1773090000,5128.805,5156.21,5117.355,5131.225,85307
1773104400,5131.155,5187.055,5124.835,5163.845,156353
1773118800,5163.84,5195.405,5158.395,5183.48,93587
1773133200,5183.58,5192.045,5156.5,5187.085,146983
1773147600,5187.01,5238.775,5185.3,5227.58,159633
1773162000,5227.585,5235.55,5160.65,5192.51,191246
1773176400,5191.79,5219.59,5183.47,5215.455,45317
1773190800,5215.45,5223.385,5194.02,5204.61,83803
1773205200,5204.4,5210.97,5175.35,5187.695,88731
1773219600,5187.67,5197.175,5166.835,5167.53,84685
1773234000,5167.48,5196.315,5149.155,5175.77,213638
1773248400,5175.84,5183.76,5154.985,5176.48,113863
1773262800,5178.045,5178.32,5125.64,5153.205,92508
1773277200,5153.2,5175.15,5140.62,5142.7,130350
1773291600,5142.76,5189.86,5137.17,5178.22,84123
1773306000,5178.205,5191.79,5163.685,5181.625,89653
1773320400,5181.575,5186.145,5109.85,5123.55,218527
1773334800,5123.495,5129.87,5055.125,5079.255,189368
1773349200,5083.865,5115.4,5077.79,5113.78,43037
1773363600,5113.95,5128.475,5102.825,5104.59,78444
1773378000,5104.82,5111.26,5061.72,5087.55,106265
1773392400,5087.485,5122.01,5079.94,5118.3,73151
1773406800,5118.335,5121.265,5019.2,5046.045,221291
1773421200,5045.955,5064.08,5009.745,5020.6,172936
1773608400,5014.955,5031.005,4967.775,5026.005,124679
1773622800,5026.02,5026.66,4982.675,5013.05,156361
1773637200,5013.045,5036.01,4985.115,4991.305,120301
1773651600,4991.135,5025.585,4970.23,5020.06,120491
1773666000,5020.055,5038.145,4974.235,4990.74,197783
1773680400,4990.78,5021.835,4984.015,5006.565,146360
1773694800,5011.11,5016.185,4998.29,5003.03,60075
1773709200,5002.91,5042.185,4994.935,5038.05,114574
1773723600,5038.045,5044.9,5005.04,5024.95,113986
1773738000,5024.905,5026.055,4992.06,5011.905,88693
1773752400,5011.9,5031.59,4973.72,5002.06,184955
1773766800,5002.05,5009.21,4996.445,5005.725,102818
1773781200,5001.96,5012.24,4993.39,5004.32,28386
1773795600,5004.3,5016.29,4981.83,4987.2,107571
1773810000,4987.17,5016.53,4977.455,4987.645,97733
1773824400,4987.645,4995.85,4870.87,4881.815,178376
1773838800,4881.78,4894.67,4834.38,4886.95,274460
1773853200,4887,4899.46,4806.845,4818.415,222205
1773867600,4824.645,4848.87,4804.225,4841.38,90622
1773882000,4841.385,4867.225,4832.995,4849.87,140277
1773896400,4849.86,4853.885,4686.885,4709.635,260761
1773910800,4709.64,4726.02,4531.275,4574.815,360079
1773925200,4574.745,4649.31,4502.365,4584.95,588903
1773939600,4584.94,4663.63,4573.915,4650.72,337277
1773954000,4659.99,4677.205,4634.355,4648.745,87801
1773968400,4648.74,4736.175,4639.42,4721.82,184623
1773982800,4721.845,4734.96,4661.305,4693.85,165174
1773997200,4693.855,4700.65,4637.245,4678.445,215424
1774011600,4678.42,4679.615,4540.785,4583.105,501456
1774026000,4583.155,4600.885,4477.54,4497.48,383744
1774213200,4472.24,4536.415,4319.92,4354.325,210850
1774227600,4354.13,4454.51,4330.325,4367.97,428328
1774242000,4367.92,4380.155,4099.125,4251.44,535564
1774256400,4251.45,4492.925,4223.685,4478.505,515397
1774270800,4478.51,4513.165,4350.63,4375.79,728575
1774285200,4375.745,4467.27,4370.825,4406.505,340961
1774299600,4382.825,4448.355,4331.36,4364.59,169183
1774314000,4364.635,4379.465,4305.88,4333.595,359283
1774328400,4333.6,4433.31,4320.04,4412.02,367090
1774342800,4411.975,4442.245,4362.065,4379.115,323360
1774357200,4379.06,4434.31,4351.09,4421.485,540409
1774371600,4421.49,4484.495,4372.655,4474.275,361580
1774386000,4476.635,4572.18,4455.885,4563.295,161186
1774400400,4563.265,4602.645,4552.375,4573.02,141916
1774414800,4573.15,4573.585,4533.145,4556.32,161478
1774429200,4556.295,4585.6,4521.88,4544.095,203020
1774443600,4544.09,4579.44,4525.265,4555.135,369940
1774458000,4555.155,4569.025,4486.59,4506.845,196694
1774472400,4521.855,4539.065,4489.075,4535.78,102334
1774486800,4535.72,4544.815,4500.055,4520.54,138897
1774501200,4520.58,4522.55,4412.44,4428.055,280214
1774515600,4427.995,4456.865,4414.705,4429.47,270430
1774530000,4429.315,4479.895,4366.95,4389.375,429326
1774544400,4389.305,4420.75,4351.355,4378.2,324507
1774558800,4388.67,4415.4,4375.525,4378.76,71042
1774573200,4378.745,4449.83,4377.28,4445.955,125079
1774587600,4446.08,4475.3,4424.025,4424.51,146692
1774602000,4424.465,4445.34,4404.58,4438.01,157229
1774616400,4437.97,4555.63,4413.775,4507.355,317653
1774630800,4511.27,4528.755,4486.505,4493.685,199576
1774818000,4512.54,4513.55,4417.43,4432.295,179921
1774832400,4431.87,4518.175,4431.825,4497.02,234471
1774846800,4497.03,4550.855,4497.02,4538.22,178051
1774861200,4538.23,4580.73,4523.605,4569.445,185961
1774875600,4569.49,4578.835,4512.57,4539.985,333019
1774890000,4539.92,4542.46,4493.1,4510.65,199274
1774904400,4517.71,4548.31,4482.66,4547.935,136057
1774918800,4547.94,4619.255,4532.15,4564.925,238656
1774933200,4564.535,4581.94,4543.51,4568.755,161280
1774947600,4568.8,4597.76,4529.545,4574.82,186987
1774962000,4575,4651.585,4567.98,4638.23,308893
1774976400,4638.14,4687.335,4636.5,4667.875,267046
1774990800,4674.535,4722.6,4662.125,4710.92,103756
1775005200,4710.93,4724.52,4667.195,4676.495,159294
1775019600,4676.61,4747.815,4674.72,4728.7,171743
1775034000,4728.77,4762.905,4713.195,4724.775,150689
1775048400,4724.82,4790.84,4716.28,4787.3,285879
1775062800,4787.305,4793.195,4742.17,4758.2,191243
1775077200,4758.465,4800.8,4751.98,4784.42,98071
1775091600,4784.41,4786.36,4649.465,4672.65,314119
1775106000,4672.635,4680.915,4553.85,4621.005,235179
1775120400,4620.995,4635.435,4592.895,4601.765,185118
1775134800,4601.71,4699.89,4580.65,4659.215,466981
1775149200,4659.22,4682.01,4645.78,4676.745,177553
1775422800,4638.25,4654.59,4600.85,4622.585,138211
1775437200,4622.63,4671.73,4620.605,4659.21,145060
1775451600,4659.205,4698.21,4643.505,4695.86,130116
1775466000,4696.09,4706.875,4659.655,4676.22,113437
1775480400,4676.21,4697.78,4652.095,4660.515,254445
1775494800,4660.55,4666.725,4645.805,4649.995,133801
1775509200,4661.755,4667.97,4649.46,4655.23,48909
1775523600,4655.22,4664.53,4616.53,4660.155,185242
1775538000,4660.24,4691.225,4623.475,4683.035,187265
1775552400,4682.905,4694.905,4629.02,4651.67,214779
1775566800,4651.675,4668.825,4607.63,4657.29,339088
1775581200,4657.28,4718.96,4654.115,4704.81,240469
1775595600,4741.845,4858.215,4713.04,4817.715,231077
1775610000,4817.73,4825.435,4788.12,4803.515,150908
1775624400,4803.53,4843.9,4790.39,4794.2,150430
1775638800,4794.12,4807.42,4768.4,4799.765,137098
1775653200,4799.705,4806.92,4732.305,4760.52,306279
1775667600,4760.605,4764.505,4699.305,4718.96,182937
1775682000,4727.55,4729.67,4698.725,4707.185,76360
1775696400,4707.18,4733.04,4699.905,4720.92,116061
1775710800,4720.985,4733.19,4703.58,4726.17,147268
1775725200,4726.145,4759.87,4723.25,4746.07,112779
1775739600,4746.06,4801.28,4738.655,4789.09,321647
1775754000,4789.085,4801.39,4760.835,4765.405,175302
1775768400,4772.62,4772.62,4750.535,4763.21,40328
1775782800,4763.22,4777.42,4738.105,4758.52,104942
1775797200,4758.51,4769.385,4730.74,4740.975,108585
1775811600,4741.005,4782.605,4740.695,4771.92,116744
1775826000,4771.93,4794.98,4747.375,4763.84,265723
1775840400,4763.865,4773.35,4741.01,4749.685,136033
1776027600,4670.425,4698.96,4644.465,4695.635,103034
1776042000,4695.63,4728.225,4693.79,4723.16,137783
1776056400,4723.17,4740.03,4716.39,4723.63,120815
1776070800,4723.635,4729.23,4703.375,4723.48,131718
1776085200,4723.43,4746.27,4700.565,4733.215,329800
1776099600,4733.225,4750.205,4723.54,4740.34,126910
1776114000,4746.92,4776.075,4745.84,4769.98,55226
1776128400,4769.94,4777.385,4761.79,4774.24,91371
1776142800,4774.24,4796.63,4757.855,4786.97,138047
1776157200,4787.08,4789.405,4751.22,4771.48,122211
1776171600,4771.475,4820.34,4771.185,4810.075,217631
1776186000,4810.12,4846.37,4809.54,4841.76,121348
1776200400,4849.155,4850.88,4827.285,4835.56,47800
1776214800,4835.52,4871.38,4816.915,4825.075,118323
1776229200,4825.125,4830.53,4804.05,4818.63,112884
1776243600,4818.56,4819.565,4786.08,4811.76,139135
1776258000,4811.69,4830.615,4787.145,4803.985,206308
1776272400,4803.975,4808.96,4787.895,4790.94,117090
1776286800,4798.465,4837.81,4790.87,4833.145,49394
1776301200,4833.205,4836.465,4811.33,4833.185,80626
1776315600,4833.21,4838.56,4806.59,4813.85,122001
1776330000,4813.815,4823.14,4805.165,4816.265,93826
1776344400,4816.285,4824.04,4772.575,4792.095,287506
1776358800,4792.105,4798.67,4781.45,4790.66,107501
1776373200,4793.945,4801.3,4785.965,4794.845,41779
1776387600,4794.88,4804.48,4767.845,4802.995,95158
1776402000,4802.99,4806.2,4778.81,4796.11,93418
1776416400,4796.115,4848.005,4782.255,4846.52,125188
1776430800,4846.53,4891.54,4834.915,4867.18,345698
1776445200,4867.15,4869.665,4830.79,4831.61,192426
1776632400,4774.815,4794.97,4736.83,4772.815,112826
1776646800,4772.8,4814.46,4771.44,4789.035,112464
1776661200,4789.06,4805.795,4779.54,4796.395,142596
1776675600,4796.355,4822.175,4783.72,4803.505,130854
1776690000,4803.495,4827.695,4792.615,4805.55,282629
1776704400,4805.645,4821.98,4803.9,4820.115,87228
1776718800,4825.135,4833.405,4817,4823.895,56057
1776733200,4823.9,4824.54,4788.87,4789.49,75360
1776747600,4789.415,4797.145,4772.885,4786.09,123743
1776762000,4786.11,4798.03,4766.545,4778.98,120352
1776776400,4778.97,4794.52,4708.375,4711.27,348553
1776790800,4711.29,4722.28,4668.62,4720.685,329802
1776805200,4726.085,4747.455,4715.78,4740.02,54762
1776819600,4739.96,4765.035,4735.875,4754.665,88756
1776834000,4754.715,4772.385,4751.98,4757.19,106539
1776848400,4757.085,4762.595,4742.98,4744.54,99799
1776862800,4744.555,4760.99,4723.995,4728.62,239238
1776877200,4728.615,4750.2,4728.56,4740.455,112597
1776891600,4741.96,4754.2,4694.135,4747.765,86330
1776906000,4747.755,4750.06,4698.26,4704.49,141963
1776920400,4704.55,4725.115,4692.485,4703.45,135213
1776934800,4703.385,4743.2,4684.265,4740.125,166226
1776949200,4740.115,4741.23,4715.76,4733.055,234644
1776963600,4733.095,4734.61,4664.38,4694.09,293142
1776978000,4695.935,4708.175,4686.65,4704.69,66545
1776992400,4704.68,4711.23,4658.03,4674.485,138821
1777006800,4674.55,4697.55,4667.055,4690.915,106893
1777021200,4690.925,4717.44,4674.88,4700.64,167191
1777035600,4700.71,4740.57,4689.665,4726.98,279974
1777050000,4726.99,4730.16,4705.465,4709.75,117112
1777237200,4696.875,4698.535,4672.405,4697.94,61215
1777251600,4697.9,4729.965,4691.07,4725,111635
1777266000,4725.01,4725.59,4705.595,4706.795,110640
1777280400,4706.79,4712.655,4697.12,4699.43,93683
1777294800,4699.405,4703.68,4667.335,4676.895,238738
1777309200,4676.915,4686.305,4668.44,4681.955,94777
1777323600,4682.585,4701.64,4682.385,4690.835,34833
1777338000,4690.82,4691.75,4666.6,4667.73,86563
1777352400,4667.84,4668.08,4614.75,4629.77,180214
1777366800,4629.73,4630.12,4555.135,4593.935,215946
1777381200,4593.905,4594.93,4557.36,4592.24,367721
1777395600,4592.255,4601.51,4587.28,4596.8,120395
1777410000,4598.745,4610.535,4588.095,4600.52,41271
1777424400,4600.53,4605.835,4575.72,4604.825,142112
1777438800,4604.81,4607.725,4557.385,4573.43,160138
1777453200,4573.415,4580.75,4541.705,4544.945,163680
1777467600,4544.91,4564.985,4510.095,4545.565,325591
1777482000,4545.6,4554.625,4518.335,4543.715,255890
1777496400,4540.13,4574.245,4539.685,4569.99,66995
1777510800,4569.92,4582.585,4540.925,4542.05,113997
1777525200,4542.06,4629.76,4541.965,4616.36,170540
1777539600,4616.35,4647.045,4614.29,4639.61,191620
1777554000,4639.66,4645.905,4605.48,4607.745,287167
1777568400,4607.71,4627.415,4607.7,4622.065,129409
1777582800,4629.515,4634.145,4618.635,4619.93,57294
1777597200,4619.915,4635.94,4609.2,4609.265,85700
1777611600,4609.255,4616.2,4565.16,4569.225,124927
1777626000,4569.2,4607.875,4560.32,4591.435,109529
1777640400,4591.43,4660.585,4586.695,4638.81,285943
1777654800,4638.815,4642.785,4607.22,4613.835,135069
1777842000,4625.35,4629.465,4601.825,4613.17,63634
1777856400,4613.125,4618.825,4591.11,4606.205,102200
1777870800,4606.19,4613.16,4573.85,4577.27,131188
1777885200,4577.245,4584.825,4526.09,4568.49,188070
1777899600,4568.525,4583.38,4501.035,4510.695,359308
1777914000,4510.74,4531.715,4509.96,4524.115,130535
1777928400,4520.775,4530.475,4513.655,4529.755,26133
1777942800,4529.63,4546.94,4525.47,4533.67,44206
1777957200,4533.625,4559.57,4531.47,4558.375,82841
1777971600,4558.36,4574.595,4539.96,4564.41,84442
1777986000,4564.42,4586.605,4553.77,4561.295,123829
1778000400,4561.28,4565.83,4551.625,4557.535,64643
1778014800,4552.07,4619.97,4546.36,4618.8,60804
1778029200,4618.645,4653.585,4609.63,4648.815,85139
1778043600,4648.82,4702.965,4644.765,4700.58,109528
1778058000,4700.63,4723.14,4660.435,4683.29,180249
1778072400,4683.325,4717.625,4669.02,4683.21,190677
1778086800,4683.205,4700.235,4679.145,4690.91,76193
1778101200,4690.165,4701.545,4685.655,4688.855,46019
1778115600,4688.86,4721.53,4685.275,4696.48,84291
1778130000,4696.43,4753.435,4694.91,4731.08,130904
1778144400,4731.11,4752.69,4721.84,4750.195,110927
1778158800,4750.235,4764.905,4704.575,4715.24,212671
1778173200,4715.235,4719.685,4686.28,4687.18,194890
1778187600,4694.565,4709.615,4682.045,4701.38,54791
1778202000,4701.3,4732.885,4700.45,4711.13,93153
1778216400,4711.22,4734.895,4697.045,4715.76,113355
1778230800,4715.755,4732.125,4702.88,4724.485,102038
1778245200,4724.395,4749.58,4702.055,4712.525,203504
1778259600,4712.505,4729.025,4712.225,4715.715,73230
1778446800,4687.43,4698.65,4670.505,4683.44,59383
1778461200,4683.415,4705.56,4668.55,4672.16,111883
1778475600,4672.1,4680.97,4648.09,4667.895,96249
1778490000,4667.84,4701.245,4650.795,4700.035,94737
1778504400,4700.055,4748.95,4698.82,4716.485,163823
1778518800,4716.415,4738.59,4715.92,4735.455,72958
1778533200,4740.565,4773.575,4737.79,4749.56,65401
1778547600,4749.51,4755.805,4710.975,4714.255,120447
1778562000,4714.215,4722.32,4686.395,4703.415,119035
1778576400,4703.36,4711.68,4685.28,4705.74,119642
1778590800,4705.73,4709.025,4638.365,4671.375,231428
1778605200,4671.38,4719.365,4671.38,4715.495,106791
1778619600,4719.905,4727.03,4711.74,4714.955,61399
1778634000,4715.015,4717.405,4687.705,4699.57,83384
1778648400,4699.52,4715.385,4693.73,4700.605,90689
1778662800,4700.615,4710.585,4676.135,4683.84,104644
1778677200,4683.715,4709.9,4669.525,4695.865,166650
1778691600,4695.885,4701.28,4677.63,4689.14,84778
1778706000,4693.605,4706.795,4689.06,4705.065,38092
1778720400,4705.015,4712.685,4668.71,4702.355,112212
1778734800,4702.54,4718.88,4686.31,4693.485,110250
1778749200,4693.55,4710.165,4688.645,4704.95,99932
1778763600,4704.945,4707.935,4666.78,4678.66,187361
1778778000,4678.675,4683.115,4644.31,4652.27,90257
1778792400,4654.08,4665.445,4613.745,4630.465,74142
1778806800,4630.475,4631.69,4604.45,4606.19,157085
1778821200,4606.3,4606.58,4550.055,4554.62,208778
1778835600,4554.605,4572.775,4531.995,4545.96,166607
1778850000,4545.965,4566.735,4510.985,4544.4,260375
1778864400,4544.23,4564.605,4533.34,4540.645,115995
1779051600,4545.805,4554.915,4480.41,4514.795,117782
1779066000,4514.795,4549.93,4489.535,4540.825,193618
1779080400,4540.775,4560.095,4530.005,4549.97,145419
1779094800,4549.96,4575.065,4529.96,4571.425,138809
1779109200,4571.43,4584.375,4531.85,4550.21,223399
1779123600,4550.04,4566.87,4534.375,4566.16,123345
1779138000,4570.36,4589.58,4561.465,4563.21,51365
1779152400,4563.26,4572.48,4538.075,4542.605,100732
1779166800,4542.71,4559.535,4531.085,4543.05,122905
1779181200,4543.035,4548.01,4525.68,4537.305,106569
1779195600,4537.385,4537.7,4464.78,4507.9,260574
1779210000,4507.725,4511.125,4481.07,4482.115,105339
1779224400,4484.735,4508.85,4477.45,4501.185,71089
1779238800,4501.175,4506.29,4453.39,4462.14,135517
1779253200,4462.07,4490.305,4461.69,4484.065,120385
1779267600,4484.035,4505.435,4472.805,4496.245,86855
1779282000,4496.24,4553.045,4467.245,4534.465,257852
1779296400,4534.475,4550.445,4529.12,4543.705,102344
1779310800,4544.62,4553.355,4534.74,4545.16,65527
1779325200,4545.19,4570.895,4527.37,4538.63,107231
1779339600,4538.72,4540.66,4512.075,4532.715,149726
1779354000,4532.685,4543.06,4502.08,4504.25,159401
1779368400,4504.245,4521.095,4488.63,4519.465,231569
1779382800,4519.465,4559.365,4514.28,4543.425,188062
1779397200,4544.905,4545.26,4525.64,4526.71,40524
1779411600,4526.695,4536.235,4518.53,4527.135,80241
1779426000,4527.09,4534.325,4507.43,4521.835,117352
1779440400,4521.83,4536.82,4510.285,4528.24,118434
1779454800,4528.225,4534.495,4491.93,4515.05,193175
1779469200,4515.1,4527.995,4504.17,4509.69,109437
1779656400,4550.54,4580.21,4548.91,4569.72,75189
1779670800,4569.715,4576.585,4556.585,4564.88,87103
1779685200,4564.895,4566,4550.55,4556.01,84297
1779699600,4556.07,4577.115,4553.12,4567.795,67958
1779714000,4567.74,4574.875,4560.17,4573.63,70486
1779728400,4573.485,4578.065,4563.365,4570.315,15849
1779742800,4571.33,4580.245,4539.595,4549.9,60578
1779757200,4549.905,4550.685,4523.59,4525.65,75565
1779771600,4525.635,4539.2,4520.11,4523.88,101425
1779786000,4523.89,4540.69,4500.785,4520.59,130533
1779800400,4520.565,4531.475,4499.845,4505.155,155927
1779814800,4505.155,4511.22,4482.62,4507.57,80035
1779829200,4506.725,4528.05,4498.125,4515.06,53196
1779843600,4515.055,4521.19,4496.065,4510.28,56340
1779858000,4510.31,4513.94,4475.985,4497.93,112229
1779872400,4497.92,4497.92,4425.145,4439.01,165497
1779886800,4438.975,4455.655,4401.63,4450.8,208400
1779901200,4450.82,4458.975,4441.415,4456.12,63124
1779915600,4456.89,4462.58,4443.7,4457.15,42106
1779930000,4457.56,4459,4366.23,4373.1,137183
1779944400,4373.13,4396.31,4367.215,4387.055,111515
1779958800,4387.01,4433.88,4375.255,4432.24,111884
1779973200,4432.245,4511.075,4418.255,4511.015,251317
1779987600,4511.035,4516.63,4494.775,4495.825,88851
1780002000,4497.085,4500.75,4488.975,4496.22,39587
1780016400,4496.37,4520.815,4492.42,4514.105,73753
1780030800,4514.1,4526.2,4502.635,4514.95,90704
1780045200,4514.965,4543.31,4512.73,4523.215,98662
1780059600,4523.18,4595.33,4517.04,4567.03,239520
1780074000,4567.05,4568.57,4540.06,4540.53,95943
1780261200,4520.795,4546.27,4520.025,4540.765,47485
1780275600,4540.83,4541.45,4508.64,4514.64,72117
1780290000,4514.66,4525.27,4490.45,4498.275,86886
1780304400,4498.27,4513.08,4489.095,4502.215,85589
1780318800,4502.265,4503.985,4447.86,4480.17,225901
1780333200,4480.23,4495.54,4471.58,4484.725,77196
1780347600,4483.385,4497.135,4476.91,4481.545,43647
1780362000,4481.45,4518.4,4463.01,4517.45,101804
1780376400,4517.44,4541.63,4515.1,4526.845,90253
1780390800,4526.855,4535.76,4513.555,4514.79,76481
1780405200,4514.84,4524.91,4486.355,4491.965,141142
1780419600,4491.95,4493.22,4478.785,4487.955,58567
1780434000,4490.115,4496.885,4462.29,4486.19,59938
1780448400,4486.01,4488.44,4463.64,4469.485,79216
1780462800,4469.455,4474.455,4440.365,4444.11,106484
1780477200,4444.065,4468.19,4439.09,4460.365,106896
1780491600,4460.34,4466.205,4426.42,4442,200677
1780506000,4442.035,4452.325,4430.635,4434.715,85551
1780520400,4431.91,4465.46,4423.965,4448.57,74377
1780534800,4448.38,4484.055,4443.18,4481.135,106099
1780549200,4481.2,4482.44,4458.665,4463.57,93878
1780563600,4463.595,4514.76,4461.035,4504.185,125369
1780578000,4504.17,4515.515,4457.36,4482.855,170357
1780592400,4482.835,4483.555,4472.775,4475.29,68378
1780606800,4474.185,4481.625,4450.79,4459.55,54818
1780621200,4459.565,4470.045,4435.305,4445.065,117315
1780635600,4445.085,4468.355,4428.72,4462.795,118054
1780650000,4462.715,4475.885,4404.93,4406.605,123676
1780664400,4406.65,4421.235,4323.27,4344.68,331278
1780678800,4344.85,4347.455,4311.93,4327.885,212892
1780866000,4321.55,4353.45,4310.115,4342.45,96928
1780880400,4342.55,4346.18,4300.025,4312.98,175249
1780894800,4312.975,4316.96,4268.48,4288.82,187432
1780909200,4288.84,4339.505,4273.165,4333.34,151191
1780923600,4333.345,4346.88,4314.945,4340.775,207626
1780938000,4340.81,4346.005,4323.365,4330.065,119170
1780952400,4326.5,4328.93,4312.96,4320.045,55334
1780966800,4320.025,4342.275,4318.66,4332.585,98656
1780981200,4332.625,4351.56,4321.32,4326.695,107613
1780995600,4326.69,4344.39,4324.19,4341.555,80804
1781010000,4341.57,4363.72,4236.7,4252.165,378703
1781024400,4252.19,4274.345,4249.96,4259.965,193865
1781038800,4256.145,4257.605,4199.025,4218.42,102310
1781053200,4218.435,4219.2,4172.565,4174.855,165689
1781067600,4174.895,4222.005,4161.47,4169.135,168986
1781082000,4169.11,4179.65,4130.62,4147.235,225569
1781096400,4147.29,4186.42,4107.03,4122.13,386088
1781110800,4122.085,4135.08,4067.24,4072.015,195693
1781125200,4061.7,4078.15,4023.87,4075.92,157050
1781139600,4075.725,4118.395,4052.295,4082.93,209410
1781154000,4082.935,4112.725,4072.885,4084.715,145877
1781168400,4084.71,4096.54,4057.55,4081.97,149548
1781182800,4081.98,4107.755,4052.975,4080.375,310330
1781197200,4080.38,4220.22,4072.02,4211.195,341535
1781211600,4208.535,4246.715,4200.875,4208.435,107492
1781226000,4208.405,4210.98,4171.405,4189.92,126865
1781240400,4189.885,4226.13,4170.29,4219.545,161385
1781254800,4219.55,4228.07,4188.59,4191.76,136565
1781269200,4191.795,4235.69,4177.25,4216.155,317917
1781283600,4216.19,4235.485,4201.82,4218.56,134983
1781470800,4301.665,4309.19,4280.395,4292.545,66557
1781485200,4292.635,4335.57,4285.32,4328.345,101678
1781499600,4328.33,4345.555,4301.005,4334.14,102819
1781514000,4334.145,4349.41,4324.8,4349.15,90257
1781528400,4349.135,4369.665,4334.65,4339.19,172095
1781542800,4339.26,4339.26,4306.545,4308.85,86640
1781557200,4312.985,4320.955,4306.11,4319.295,41078
1781571600,4319.305,4333.375,4307.7,4322.63,79717
1781586000,4322.65,4348.105,4313.53,4347.02,83087
1781600400,4347.03,4354.95,4335.165,4354.66,80390
1781614800,4354.57,4354.835,4313.32,4340.6,161843
1781629200,4340.57,4342.94,4325.37,4331.28,85219
1781643600,4331.69,4341.785,4328.615,4337.06,30665
1781658000,4336.995,4349.605,4317.665,4326.845,67280
1781672400,4326.87,4334.285,4317.19,4324.72,76525
1781686800,4324.67,4335.81,4319.94,4333.68,78495
1781701200,4333.675,4366.555,4324.09,4359.515,153581
1781715600,4359.505,4382.615,4219.165,4257.65,405412
1781730000,4257.675,4315.39,4257.675,4308.39,76447
1781744400,4308.355,4329.865,4306.83,4315.68,95889
1781758800,4315.685,4324.91,4265.6,4266.965,113733
1781773200,4267.03,4273.365,4240.07,4246.79,137668
1781787600,4246.775,4276.745,4214.165,4219.65,248124
1781802000,4219.675,4233.235,4201.495,4208.995,126197
1781816400,4204.63,4210.695,4184.075,4190.62,54305
1781830800,4190.625,4194.665,4125.225,4125.685,86380
1781845200,4125.63,4178.525,4121.955,4169.325,100085
1781859600,4169.31,4180.12,4142.035,4179.07,89505
1781874000,4179.06,4183.125,4142.545,4155.405,95657
1782075600,4157.1,4201.24,4136.695,4201.185,86408
1782090000,4201.27,4221.37,4170.695,4181.945,131055
1782104400,4181.82,4207.355,4179.51,4197.455,112081
1782118800,4197.425,4215.255,4192.24,4193.295,96281
1782133200,4193.29,4210.78,4169.82,4190.13,204409
1782147600,4190.235,4193.835,4177.165,4191.69,80385
1782162000,4192.855,4195.255,4178.485,4193.49,41878
1782176400,4193.345,4198.605,4114.825,4118.325,128997
1782190800,4118.36,4137.595,4091.03,4105.34,182323
1782205200,4105.32,4133.48,4103.945,4113.305,136600
1782219600,4113.295,4145.215,4105.43,4134.385,227248
1782234000,4134.355,4139.955,4107.53,4110.745,107059
1782248400,4111.71,4115.235,4080.895,4097.5,97568
1782262800,4097.55,4102.51,4050.47,4064.635,179884
1782277200,4064.475,4097.73,4060.86,4076.385,137618
1782291600,4076.39,4079.36,3987.655,3987.93,182089
1782306000,3988.115,4042.26,3964.645,4006.845,333701
1782320400,4006.865,4011.49,3959.08,3999.5,223121
1782334800,4006.955,4018.825,3978.5,3991.775,80446
1782349200,3991.71,4005.825,3962.475,3996.225,205243
1782363600,3996.205,4002.11,3971.695,3989.17,155579
1782378000,3989.24,4019.38,3973.64,4012.67,138175
1782392400,4012.68,4044.085,3999.17,4028.73,317549
1782406800,4028.78,4044.14,4021.965,4026.92,135848
1782421200,4030.09,4036.505,4011.575,4020.495,70333
1782435600,4020.505,4030.015,3982.95,4011.705,137769
1782450000,4011.71,4039.875,4005.63,4030.94,120096
1782464400,4030.945,4061.615,4029.59,4058.99,105849
1782478800,4059.035,4095.985,4043.23,4085.2,229678
1782493200,4085.225,4091.205,4064.705,4088.385,100153
1782680400,4075.86,4083.82,4048.15,4069.41,88526
1782694800,4069.415,4076.015,4049.665,4052.335,130699
1782709200,4052.23,4068.83,4039.325,4047.28,121955
1782723600,4047.26,4055.485,4024.44,4043.75,99973
1782738000,4043.785,4051.935,4000.325,4023.975,178169
1782752400,4023.98,4032.17,4005.435,4016.955,63505
1782766800,4018.65,4022.505,3979.98,3987.34,57736
1782781200,3987.325,3998.27,3942.1,3985.585,172540
1782795600,3985.575,4037.665,3975.23,4015.725,140706
1782810000,4015.695,4037.43,4008.74,4009.97,90953
1782824400,4010.025,4063.48,4009.455,4026.175,199977
1782838800,4026.145,4033.925,4006.58,4007.525,77932
1782853200,4014.34,4018.505,3993.21,3996.72,45197
1782867600,3996.77,3999.9,3970.395,3976.7,110922
1782882000,3976.685,3984.555,3960.275,3974.665,103407
1782896400,3974.645,4035.595,3972.95,4022.905,110361
1782910800,4022.93,4115.81,4012.865,4071.285,259900
1782925200,4071.18,4073.725,4028.265,4031.705,103584
1782939600,4038.71,4052.795,4030.895,4052.095,46213
1782954000,4052.14,4074.235,4041.515,4060.87,107833
1782968400,4060.885,4080.12,4053.245,4076.19,115242
1782982800,4076.195,4140.525,4057.44,4117.58,141649
1782997200,4117.55,4144.08,4100.355,4118.185,287983
1783011600,4118.02,4127.09,4105.855,4123.605,108095
1783026000,4125.815,4151.14,4121.47,4147.115,53568
1783040400,4147.175,4195.51,4146.725,4179.065,96561
1783054800,4179.055,4186.655,4160.415,4181.14,76623
1783069200,4181.09,4186.46,4168.57,4176.775,51302
1783083600,4176.905,4179.38,4155.41,4175.695,79484
1783285200,4180.345,4202.225,4170.295,4179.715,72800
1783299600,4179.525,4202.705,4157.525,4159.87,113124
1783314000,4159.85,4166.52,4144.83,4150.52,85216
1783328400,4150.53,4159.6,4131.52,4139.65,80964
1783342800,4139.66,4156.34,4128.51,4155.14,136492
1783357200,4155.15,4167.59,4150.455,4165.115,64552
1783371600,4164.735,4168.65,4145.195,4146.13,43825
1783386000,4146.095,4148.07,4124.535,4126.835,99410
1783400400,4126.885,4139.395,4116.7,4126.08,94761
1783414800,4126.065,4175.085,4119.81,4172.4,94418
1783429200,4172.505,4180.52,4135.945,4145.235,171758
1783443600,4145.19,4148.345,4092.295,4106.12,133230
1783458000,4105.04,4126.82,4095.74,4111.74,67199
1783472400,4111.58,4131.22,4096.56,4125.295,121068
1783486800,4125.29,4133.99,4052.285,4057.005,177613
1783501200,4056.93,4086.445,4040.575,4072.325,178267
1783515600,4072.33,4083.185,4021.815,4063.87,291157
1783530000,4063.875,4091.67,4059.77,4077.12,145996
1783544400,4074.405,4090.02,4070.38,4073.97,51456
1783558800,4073.985,4082.83,4054.4,4064.405,101623
1783573200,4064.4,4118.005,4063.85,4108.34,108108
1783587600,4108.34,4122.63,4093.855,4107.69,95309
1783602000,4107.665,4138.035,4106.875,4128.155,141849
1783616400,4128.115,4138.06,4118.91,4123.79,69584
1783630800,4125.25,4128.47,4114.545,4126.51,32101
1783645200,4126.565,4134.92,4108.72,4115.32,81194
1783659600,4115.315,4120.19,4094.86,4098.03,72171
1783674000,4098.02,4117.585,4094.535,4100.765,59835
1783688400,4100.865,4115.51,4072.8,4104.525,150641
1783702800,4104.52,4121.375,4097.925,4120.67,59720
1783890000,4090.98,4094.82,4061.115,4074.105,84693
1783904400,4074.36,4089.905,4050.465,4058.95,142521
1783918800,4058.935,4080.845,4044.06,4074.585,140598
1783933200,4074.555,4076.715,4046.43,4067.56,113041
1783947600,4067.61,4067.8,3986.58,3993.5,275544
1783962000,3993.655,4006.245,3986.92,4001.185,146450
1783976400,4001.64,4007.41,3983.545,4004.285,81687
1783990800,4004.32,4023.575,3992.1,4020.26,130267
1784005200,4020.275,4034.25,4014.515,4016.065,103794
1784019600,4016.075,4104.05,4013.925,4076.225,161585
1784034000,4076.335,4100.685,4057.81,4061.625,280344
1784048400,4061.605,4065.17,4042.885,4052.775,93578
1784062800,4053.215,4060.845,4046.925,4059.295,41932
1784077200,4059.285,4062.125,4028.1,4033.245,89546
1784091600,4033.32,4037.16,4017.475,4031.35,104995
1784106000,4031.385,4071.595,4025.605,4067.85,104830
1784120400,4068.045,4074.175,4026.945,4033.83,207226
1784134800,4033.82,4081.52,4033.11,4060.695,118232
1784149200,4060.64,4064.71,4043.745,4044.605,44890
1784163600,4044.595,4050.735,4024.27,4033.305,133149
1784178000,4033.305,4036.645,4023.03,4035.29,113646
1784192400,4035.295,4043.36,3990.58,3992.54,140620
1784206800,3992.55,4017.03,3973.8,3992.05,233497
1784221200,3992.085,3992.99,3969.345,3976.58,149273
1784235600,3979.265,3992.06,3973.365,3992,70303
1784250000,3991.975,4008.795,3970.74,3981.97,144105
1784264400,3981.965,4007.295,3975.295,3994.265,152532
1784278800,3994.255,4002.455,3964.155,3966.32,128396
1784293200,3966.34,4023.835,3959.8,4014.98,327167
1784307600,4015.09,4019.27,4002.42,4017.315,130078
1784494800,3995.57,4010.325,3982.63,4008.695,78602
1784509200,4008.73,4028.94,3995.82,4018.935,149870
1784523600,4019.04,4030.875,4002.185,4019.03,119170
1784538000,4019.005,4040.815,4006.505,4008.165,125791
1784552400,4008.18,4019.63,3998.33,4009.775,174390
1784566800,4009.77,4018.035,4003.405,4007.585,102465
1784581200,4008.105,4027.225,3999.915,4024.8,73738
1784595600,4024.81,4051.92,4018.46,4049.67,100340
1784610000,4049.68,4084.305,4046.375,4062.875,100999
1784624400,4062.92,4070.235,4051.255,4054,87867
1784638800,4053.9,4083.405,4044.725,4071.555,158583
1784653200,4071.55,4087.135,4066.83,4077.325,72240
1784667600,4078.675,4102.575,4076.755,4097.58,54984
1784682000,4097.67,4141.715,4096.78,4126.995,121933
1784696400,4127.01,4135.415,4109.395,4118.28,120547
1784710800,4118.305,4134.46,4106.72,4113.16,106267
1784725200,4113.155,4166.13,4112.93,4146.84,176281
1784739600,4146.83,4147.93,4128.42,4129.76,103552
1784754000,4119.635,4134.67,4116.73,4132.15,64285
1784768400,4131.855,4141.275,4112.315,4121.265,117850
1784782800,4121.26,4130.625,4087.11,4093.52,122815
1784797200,4093.54,4099.63,4061.2,4061.85,138626
1784811600,4061.815,4067.415,4040.185,4051.535,212366
1784826000,4051.535,4054.58,4040.745,4049.78,102164
1784840400,4048.875,4051.01,4041.375,4049.88,32902
1784854800,4049.89,4050.39,4023.04,4027.12,96655
1784869200,4027.13,4058.775,4022.06,4057.65,103371
1784883600,4057.645,4064.025,4051.49,4056.095,71024
1784898000,4056.07,4082.16,4044.81,4067.175,161837
1784912400,4067.18,4069.96,4049.38,4052.845,61702
1785099600,4090.16,4116.185,4083.8,4100.815,66596
1785114000,4100.83,4112.48,4085.23,4090.39,103876
1785128400,4090.395,4106.24,4084.49,4095.28,84030
1785142800,4095.215,4104.205,4081.73,4083.82,87436
1785157200,4083.875,4094.105,4065.415,4082.56,175722
1785171600,4082.565,4089.485,4070.785,4076.425,89029
1785186000,4080.685,4081.415,4057.665,4058.245,47493
1785200400,4058.23,4060.43,4040.455,4042.305,100459
1785214800,4042.3,4055.21,4034.795,4045.56,109048
1785229200,4045.46,4045.955,4017.115,4029.69,124965
1785243600,4029.74,4047.195,4011.765,4037.605,191093
1785258000,4037.69,4041.73,4021.715,4028.67,110957
1785272400,4026.565,4029.815,4013.975,4022.08,64287
1785286800,4022.075,4038.08,4010.41,4027.4,118888
1785301200,4027.425,4047.88,4026.735,4037.64,79998
1785315600,4037.73,4038.38,4009.39,4022.65,91726
1785330000,4022.82,4032.915,3996.055,4027.46,172015
1785344400,4027.455,4116.415,4027.405,4066.34,356635
1785358800,4074.84,4100.485,4064.505,4072.27,95414
1785373200,4072.285,4092.955,4044.34,4046.045,142771
1785387600,4046.05,4073.01,4028.69,4061.49,167994
1785402000,4061.485,4086.785,4060.305,4069.03,162787
1785416400,4069.04,4120.495,4065.315,4110.78,290062
1785430800,4110.75,4117.515,4098.505,4103.27,145928
1785445200,4103.36,4112.01,4090.585,4094.855,41767
1785459600,4094.835,4101.71,4072.145,4080.16,76005
1785474000,4080.17,4087.665,4054.175,4060.98,106919
1785488400,4060.895,4064.115,4040.575,4040.765,106795
1785502800,4040.75,4052.695,4020.975,4043.415,215335
1785517200,4043.41,4055.665,4041.6,4045.165,93140
1785704400,4075.055,4079.185,4055.88,4057.35,75801
1785718800,4057.355,4072.055,4047.345,4064.045,97698
1785733200,4063.99,4072.185,4052.19,4059.42,94972
1785747600,4059.43,4064.74,4042.34,4047.85,102189
1785762000,4047.865,4053.855,4019.24,4037.03,157351
1785776400,4037.06,4058.215,4029.675,4055.33,60941
1785790800,4052.12,4069.465,4048.64,4049.425,31447
1785805200,4049.345,4066.425,4042.72,4063.765,68846
1785819600,4063.785,4072.97,4054.455,4055.19,75525
1785834000,4055.16,4084.56,4045.62,4070.945,118524
1785848400,4070.925,4093.88,4061.23,4093.41,167438
1785862800,4093.36,4106.475,4074.69,4077.055,83285
1785877200,4078.39,4085.87,4065.33,4082.55,41389
1785891600,4082.57,4141.505,4077.725,4135.595,106994
1785906000,4135.575,4179.555,4134.885,4160.515,138231
1785920400,4160.64,4213.54,4150.28,4183.985,136324
1785934800,4183.965,4265.29,4183.795,4242.26,279460
1785949200,4242.33,4268.09,4237,4247.275,113261
1785963600,4249.5,4300.39,4245.825,4294.985,74157
1785978000,4294.99,4304.31,4253.045,4262.265,151564
1785992400,4262.1,4278.915,4247.24,4278.33,112069
1786006800,4278.405,4284.885,4249.145,4250.27,109015
1786021200,4250.235,4275.44,4223.505,4241.525,221408
1786035600,4241.51,4251.385,4233.12,4240.75,90757
1786050000,4236.61,4253.245,4229.875,4232.9,47601
1786064400,4232.925,4269.215,4231.59,4265.045,103287
1786078800,4264.995,4316.735,4262.1,4306.245,122087
1786093200,4306.25,4371.84,4301.015,4361.425,172292
1786107600,4361.415,4368.01,4327.455,4329.305,310147
1786122000,4329.3,4350.41,4327.865,4341.935,131452
1786309200,4340.28,4349.11,4330.84,4332.21,61550
1786323600,4332.27,4340.655,4313.43,4339.535,119754
1786338000,4339.475,4362.06,4331.74,4346.65,97561
1786352400,4346.715,4350.07,4324.125,4332.625,81816
1786366800,4332.66,4364.8,4316.675,4356.845,209457
1786381200,4356.855,4395.385,4351.75,4390.235,135834
1786395600,4389.775,4419.335,4389.34,4409.495,49007
1786410000,4409.49,4435.245,4393.78,4409.005,124254
1786424400,4408.995,4409.15,4356.7,4369.29,139842
1786438800,4369.245,4400.185,4367.675,4392.53,114986
1786453200,4392.52,4404.29,4369.15,4383.46,184303
1786467600,4383.5,4385.765,4360.295,4368.245,82563
1786482000,4372.355,4383.8,4362.655,4380.5,44747
1786496400,4380.585,4416.25,4378.445,4401.175,85317
1786510800,4401.125,4410.545,4384.02,4401.895,83909
1786525200,4401.95,4438.305,4382.485,4437.37,134204
1786539600,4437.37,4441.315,4396.575,4401.68,272664
1786554000,4401.685,4418.475,4396.575,4408.525,80867
1786568400,4405.785,4449.83,4398.43,4427.76,50572
1786582800,4427.71,4435.44,4391.615,4397.825,127581
1786597200,4397.85,4407.31,4364.17,4376.025,137525
1786611600,4375.995,4401.9,4372.605,4401.82,102209
1786626000,4401.745,4402.215,4351.355,4367,232248
1786640400,4367.055,4373.435,4343.65,4351.27,93452
1786654800,4353.405,4364.45,4329.42,4341.095,60372
1786669200,4341.085,4341.325,4311.27,4327.015,105675
1786683600,4327.055,4349.845,4311.04,4348.605,92223
1786698000,4348.555,4386.965,4346.14,4373.725,84835
1786712400,4373.785,4397.06,4370.32,4386.015,171531
1786726800,4386.105,4386.53,4371.005,4376.82,71378
1786914000,4372.68,4402.015,4367.29,4401.005,51494
1786928400,4400.995,4416.55,4388.285,4390.86,96928
1786942800,4390.78,4411.32,4386.94,4395.18,89788
1786957200,4395.19,4405.97,4377.355,4384.935,88244
1786971600,4385.015,4428.89,4381.94,4424.245,198867
1786986000,4424.255,4426.23,4398.205,4416.68,95655
1787000400,4416.205,4434.88,4409.89,4434.435,43503
1787014800,4434.455,4436.23,4389.02,4393.69,106428
1787029200,4393.66,4403.735,4386.185,4393.44,81939
1787043600,4393.385,4400.85,4387.03,4394.225,71822
1787058000,4394.23,4406.9,4351.765,4363.83,262626
1787072400,4363.805,4368.355,4329.265,4334.575,101237
1787086800,4341.965,4347.42,4327.27,4338.155,65703
1787101200,4338.015,4362.165,4324.68,4348.555,98140
1787115600,4348.53,4363.34,4335.175,4355.735,108753
1787130000,4355.66,4442.47,4353.45,4438.87,139917
1787144400,4438.875,4499.425,4424.285,4493.395,341047
1787158800,4493.52,4524.34,4472.18,4523.05,167289
1787173200,4521.405,4523.86,4503.835,4504.68,62665
1787187600,4504.705,4510.22,4484.48,4488.63,133286
1787202000,4488.64,4498.78,4478.075,4489.35,100295
1787216400,4489.39,4495.145,4450.745,4474.855,132658
1787230800,4474.875,4541.045,4469.35,4510.07,314596
1787245200,4510.1,4532.235,4507.79,4518.955,107541
1787259600,4519.545,4533.05,4509.8,4510.765,45462
1787274000,4510.755,4548.215,4508.995,4540.7,111442
1787288400,4540.75,4585.13,4529.115,4584.255,113441
1787302800,4584.285,4604.61,4563.57,4578.08,129824
1787317200,4578.025,4629.165,4573.4,4628.88,284748
1787331600,4628.92,4632.145,4602.67,4602.99,121237
1787518800,4609.655,4640.935,4594.515,4621.905,95918
1787533200,4621.85,4657,4608.155,4638.93,181808
1787547600,4638.94,4660.125,4628.895,4638.19,174428
1787562000,4638.135,4670.46,4632.895,4662.83,153003
1787576400,4662.815,4681.02,4640.135,4645.105,308772
1787590800,4645.095,4656.145,4625.225,4651.24,197915
1787605200,4655.495,4697.105,4655.205,4684.645,81024
1787619600,4684.615,4687.125,4617.28,4626.03,202853
1787634000,4626.025,4653.43,4620.09,4630.48,147553
1787648400,4630.46,4647.33,4624.29,4640.77,140090
1787662800,4640.76,4659.485,4605.29,4643.62,263644
1787677200,4643.625,4669.115,4634.305,4659.055,114614
1787691600,4661.445,4673.765,4634.505,4637.705,53751
1787706000,4637.72,4670.83,4629.615,4640.715,124152
1787720400,4640.765,4649.61,4622.36,4628.49,108819
1787734800,4628.6,4633.325,4610.97,4614.465,113407
1787749200,4614.52,4633.69,4583.065,4591.64,238316
1787763600,4591.685,4604.735,4584.19,4594.725,93459
1787778000,4603.39,4627.05,4600.735,4605.2,57973
1787792400,4605.25,4643.21,4602.46,4618.945,109519
1787806800,4618.985,4621.75,4593.705,4599.105,117320
1787821200,4599.105,4601.225,4569.29,4585.925,120095
1787835600,4585.985,4616.695,4564.27,4615,246597
1787850000,4615.12,4618.02,4600.115,4602.145,125713
1787864400,4601.95,4611.46,4585.845,4588.875,45047
1787878800,4588.92,4602.32,4575.055,4584.465,105118
1787893200,4584.495,4614.59,4571.66,4602.88,120389
1787907600,4602.84,4609.96,4589.13,4601.74,106953
1787922000,4601.82,4631.98,4464.415,4479.545,506607
1787936400,4479.53,4486.84,4445.455,4454.99,215188
1788123600,4445.72,4472.165,4435.825,4456.305,78426
1788138000,4456.31,4463.295,4396.525,4424.635,173781
1788152400,4424.615,4449.53,4419.37,4435.645,113339
1788166800,4435.69,4464.23,4435.44,4435.8,101992
1788181200,4435.81,4448.255,4415.75,4433.365,237624
1788195600,4433.36,4455.925,4426.3,4449.24,99812
1788210000,4454.255,4461.7,4441.85,4453.745,48150
1788224400,4453.81,4457.015,4425.555,4426.815,110880
1788238800,4426.82,4446.105,4369.365,4370.905,173981
1788253200,4370.84,4387.385,4352.015,4356.29,169939
1788267600,4356.3,4375.695,4326.27,4351.42,292801
1788282000,4351.47,4352.05,4322.745,4328.405,143804
1788296400,4331.385,4335.9,4314.63,4315.905,60634
1788310800,4315.815,4326.815,4282.625,4307.465,152344
1788325200,4307.415,4331.645,4303.72,4313.07,150473
1788339600,4313.045,4344.385,4301.745,4331.525,156558
1788354000,4331.61,4397.75,4330.85,4368.4,263402
1788368400,4368.405,4391.67,4364.735,4388.22,110010
1788382800,4391.29,4397.985,4381.25,4395.585,44507
1788397200,4395.645,4438.725,4387.365,4437.405,116913
1788411600,4437.4,4443.715,4417.575,4434.97,157271
1788426000,4435.025,4495.23,4419.09,4493.535,156391
1788440400,4493.585,4510.93,4456.925,4486.28,281471
1788454800,4486.36,4494.745,4470.55,4472.965,104313
1788469200,4476.075,4487.475,4471.515,4486.4,41236
1788483600,4486.51,4487.545,4465.49,4473.825,80694
1788498000,4473.785,4474.65,4468.555,4470.615,2023